"Date","cohort","max_dailytemp","min_dailytemp","mean_dailytemp"
2020-09-17,1,35,18,24.6410256410256
2020-09-18,1,26.5,15.5,19.9513888888889
2020-09-19,1,26,14,19.4930555555556
2020-09-20,1,27.5,13.5,19.8194444444444
2020-09-21,1,27,14,19.7152777777778
2020-09-22,1,28.5,15,20.4513888888889
2020-09-23,1,29,12.5,20.0763888888889
2020-09-24,1,31,14.5,21.2708333333333
2020-09-25,1,29.5,12.5,20.1875
2020-09-26,1,31,14.5,21.3333333333333
2020-09-27,1,33,18,24.375
2020-09-28,1,35,18.5,24.4305555555556
2020-09-29,1,31.5,14,21.4097222222222
2020-09-30,1,34.5,13.5,22.8611111111111
2020-10-01,1,28.5,14.5,21.6736111111111
2020-10-02,1,27.5,16,21.3333333333333
2020-10-03,1,28.5,15.5,21.4166666666667
2020-10-04,1,27.5,14,20.0555555555556
2020-10-05,1,28.5,12.5,19.4166666666667
2020-10-05,2,31.5,16.5,24.0892857142857
2020-10-06,1,27.5,12,19
2020-10-06,2,27,11,19.0416666666667
2020-10-07,1,27.5,12.5,18.4583333333333
2020-10-07,2,27,12.5,18.4791666666667
2020-10-08,1,23.5,12,16.3472222222222
2020-10-08,2,22.5,12.5,16.6145833333333
2020-10-09,1,22.5,9.5,15.6041666666667
2020-10-09,2,22.5,10,15.8645833333333
2020-10-10,1,27,12.5,18.3402777777778
2020-10-10,2,27,12.5,18.375
2020-10-11,1,26,12,17.6111111111111
2020-10-11,2,25.5,12,17.75
2020-10-12,1,29.5,10.5,18.3680555555556
2020-10-12,2,28,10.5,18.03125
2020-10-13,1,30.5,10.5,19.1180555555556
2020-10-13,2,30,11,18.9270833333333
2020-10-14,1,30.5,15.5,22.1111111111111
2020-10-14,2,29.5,15,21.3958333333333
2020-10-15,1,33,15,23.7986111111111
2020-10-15,2,32,16,23.1145833333333
2020-10-16,1,28.5,15.5,22.3333333333333
2020-10-16,2,27,17,21.9583333333333
2020-10-16,3,28,19,23.35
2020-10-17,1,28,13.5,19.6666666666667
2020-10-17,2,27,14,19.7395833333333
2020-10-17,3,28.5,14,19.9097222222222
2020-10-18,1,27.5,12,18.9236111111111
2020-10-18,2,27,12.5,19.0729166666667
2020-10-18,3,28,12.5,19.2708333333333
2020-10-19,1,26,12,18.4305555555556
2020-10-19,2,26.5,12.5,18.7604166666667
2020-10-19,3,27.5,12.5,18.8125
2020-10-20,1,26,11,17.8194444444444
2020-10-20,2,26,11.5,18.0208333333333
2020-10-20,3,27.5,11.5,18.1180555555556
2020-10-21,1,26,12.5,18.4722222222222
2020-10-21,2,26,12.5,18.625
2020-10-21,3,27,13,18.6319444444444
2020-10-22,1,22.5,13,16.5208333333333
2020-10-22,2,21,13,16.40625
2020-10-22,3,23,12.5,16.7083333333333
2020-10-23,1,24.5,9.5,16.1111111111111
2020-10-23,2,24,9.5,16.25
2020-10-23,3,24,9.5,16.2083333333333
2020-10-24,1,23,7.5,14.75
2020-10-24,2,24.5,8,15.0729166666667
2020-10-24,3,23.5,8,15.0763888888889
2020-10-25,1,17,9.5,12.4305555555556
2020-10-25,2,18,9.5,12.5625
2020-10-25,3,17.5,10,12.9027777777778
2020-10-26,1,19.5,5.5,12.6527777777778
2020-10-26,2,18.5,6.5,11.96875
2020-10-26,3,19.5,6,12.7569444444444
2020-10-27,1,22.5,7,14.0069444444444
2020-10-27,2,23,7.5,14.1770833333333
2020-10-27,3,22,8,14.1388888888889
2020-10-28,1,23,5,12.8819444444444
2020-10-28,2,24,5.5,13.2604166666667
2020-10-28,3,22,6,13.3125
2020-10-29,1,22.5,5.5,13.2708333333333
2020-10-29,2,22.5,6,13.3958333333333
2020-10-29,3,22.5,6.5,13.6388888888889
2020-10-30,1,21,7,13.5486111111111
2020-10-30,2,21.5,7.5,13.5833333333333
2020-10-30,3,21.5,8,13.9097222222222
2020-10-31,1,21,8,14.0208333333333
2020-10-31,2,22,8.5,14.2291666666667
2020-10-31,3,21,9,14.3125
2020-10-31,4,21.5,12.5,17.6527777777778
2020-11-01,1,21.5,7.5,13.8133333333333
2020-11-01,2,22,8,14.1
2020-11-01,3,21.5,8,14.08
2020-11-01,4,22,8,14.1733333333333
2020-11-02,1,23,7,14.4027777777778
2020-11-02,2,23.5,8,14.4583333333333
2020-11-02,3,23,8,14.6597222222222
2020-11-02,4,23,7.5,14.5625
2020-11-03,1,22.5,7.5,13.7847222222222
2020-11-03,2,22,8,14.0208333333333
2020-11-03,3,24,8,14.3194444444444
2020-11-03,4,22,8,14.1805555555556
2020-11-04,1,21.5,6.5,13.3472222222222
2020-11-04,2,21.5,6.5,13.2395833333333
2020-11-04,3,22,6.5,13.6041666666667
2020-11-04,4,21.5,7,13.5902777777778
2020-11-05,1,22.5,8.5,15.4861111111111
2020-11-05,2,24.5,8.5,15.5729166666667
2020-11-05,3,24.5,9,15.9236111111111
2020-11-05,4,24,9,15.8611111111111
2020-11-06,1,18,8.5,12.5555555555556
2020-11-06,2,19.5,9,12.8229166666667
2020-11-06,3,18,9,12.9652777777778
2020-11-06,4,18.5,9,13.1597222222222
2020-11-07,1,17,7,11.1319444444444
2020-11-07,2,17.5,7,11.34375
2020-11-07,3,18.5,7.5,11.4861111111111
2020-11-07,4,18.5,7.5,11.5555555555556
2020-11-08,1,14.5,4.5,8.65972222222222
2020-11-08,2,15,4.5,9.02083333333333
2020-11-08,3,16.5,4.5,9.15972222222222
2020-11-08,4,16,5,9.07638888888889
2020-11-09,1,14.5,3.5,7.63194444444444
2020-11-09,2,14,4,7.75
2020-11-09,3,15.5,4,7.92361111111111
2020-11-09,4,15,4,8.10416666666667
2020-11-10,1,16,0,8.29861111111111
2020-11-10,2,18.5,0.5,8.5
2020-11-10,3,18.5,0.5,8.59027777777778
2020-11-10,4,18,0.5,8.77083333333333
2020-11-11,1,14.5,6,9.16666666666667
2020-11-11,2,15,6,9.33333333333333
2020-11-11,3,15,6,9.57638888888889
2020-11-11,4,16,5.5,9.71527777777778
2020-11-12,1,16,2,8.93055555555556
2020-11-12,2,17.5,2,9.13541666666667
2020-11-12,3,17.5,2,9.38194444444444
2020-11-12,4,18,1.5,9.42361111111111
2020-11-13,1,12.5,8,10.25
2020-11-13,2,13,8.5,10.3229166666667
2020-11-13,3,14,8.5,10.5763888888889
2020-11-13,4,13.5,8.5,10.7638888888889
2020-11-13,5,13,9,11.4861111111111
2020-11-14,1,16.5,6.5,11.0833333333333
2020-11-14,2,17.5,7,11.40625
2020-11-14,3,18,7,11.5486111111111
2020-11-14,4,17.5,7,11.7638888888889
2020-11-14,5,17.5,6.5,11.4930555555556
2020-11-15,1,20,4.5,11.4444444444444
2020-11-15,2,21.5,4.5,11.65625
2020-11-15,3,21,5,11.7986111111111
2020-11-15,4,20.5,5,11.8680555555556
2020-11-15,5,21,4.5,11.5694444444444
2020-11-16,1,19,7,11.6666666666667
2020-11-16,2,20,7,11.9895833333333
2020-11-16,3,20.5,7.5,12.0486111111111
2020-11-16,4,20,7.5,12.2361111111111
2020-11-16,5,19.5,7,11.9027777777778
2020-11-17,1,17,7.5,12.0902777777778
2020-11-17,2,18,7.5,11.9270833333333
2020-11-17,3,18,7.5,12.3333333333333
2020-11-17,4,20,8,12.5208333333333
2020-11-17,5,17.5,7.5,12.2916666666667
2020-11-18,1,19.5,9.5,14.1597222222222
2020-11-18,2,21,10,14.4479166666667
2020-11-18,3,20.5,10,14.5208333333333
2020-11-18,4,22,10,14.9375
2020-11-18,5,19.5,9.5,14.4097222222222
2020-11-19,1,17,6.5,10.4583333333333
2020-11-19,2,18,6.5,10.8645833333333
2020-11-19,3,18,7,10.8680555555556
2020-11-19,4,17,7,11.1319444444444
2020-11-19,5,16.5,6.5,10.75
2020-11-20,1,18.5,3,9
2020-11-20,2,19.5,3.5,9.52083333333333
2020-11-20,3,18.5,3.5,9.45138888888889
2020-11-20,4,18,4,9.52777777777778
2020-11-20,5,17,3.5,8.95833333333333
2020-11-21,1,19,2.5,9.125
2020-11-21,2,20,2.5,9.59375
2020-11-21,3,19,3,9.47916666666667
2020-11-21,4,18,3,9.65277777777778
2020-11-21,5,17.5,3,9.15277777777778
2020-11-22,1,19.5,2,9.79166666666667
2020-11-22,2,20.5,2,10.1666666666667
2020-11-22,3,21,2.5,10.2083333333333
2020-11-22,4,19.5,2.5,10.3402777777778
2020-11-22,5,19,2,9.88194444444444
2020-11-23,1,20,3.5,10.2152777777778
2020-11-23,2,21.5,4,10.65625
2020-11-23,3,20,4,10.6944444444444
2020-11-23,4,19.5,4.5,10.8402777777778
2020-11-23,5,19,4,10.375
2020-11-24,1,20,4.5,10.8680555555556
2020-11-24,2,21,5,11.3020833333333
2020-11-24,3,20,5,11.2430555555556
2020-11-24,4,19.5,5.5,11.4513888888889
2020-11-24,5,19.5,5,10.9930555555556
2020-11-25,1,17,5.5,10.2847222222222
2020-11-25,2,18,5.5,10.6458333333333
2020-11-25,3,17.5,5.5,10.7152777777778
2020-11-25,4,17.5,6,10.9652777777778
2020-11-25,5,18,5.5,10.6736111111111
2020-11-26,1,16.5,5.5,9.80555555555556
2020-11-26,2,17,5.5,10.0208333333333
2020-11-26,3,16.5,6,10.2569444444444
2020-11-26,4,16,6,10.2152777777778
2020-11-26,5,15.5,6,9.90972222222222
2020-11-27,1,16.5,3.5,8.94444444444444
2020-11-27,2,18,4.5,9.47916666666667
2020-11-27,3,17,4.5,9.43055555555556
2020-11-27,4,17,4,9.65972222222222
2020-11-27,5,17,4,9.34027777777778
2020-11-27,6,17.5,4.5,11.7916666666667
2020-11-28,1,16,1,7.375
2020-11-28,2,18,1,7.80208333333333
2020-11-28,3,16.5,1.5,7.70138888888889
2020-11-28,4,17,1.5,7.90972222222222
2020-11-28,5,16.5,1,7.73611111111111
2020-11-28,6,17,1.5,7.52777777777778
2020-11-29,1,17,0.5,7.46527777777778
2020-11-29,2,18.5,0.5,7.875
2020-11-29,3,18,1,7.83333333333333
2020-11-29,4,17.5,1,8.02083333333333
2020-11-29,5,17,0.5,7.875
2020-11-29,6,17.5,1,7.61111111111111
2020-11-30,1,17.5,1,8.20833333333333
2020-11-30,2,19.5,1.5,8.66666666666667
2020-11-30,3,18,1.5,8.54166666666667
2020-11-30,4,18,1.5,8.80555555555556
2020-11-30,5,18.5,1,8.65972222222222
2020-11-30,6,18.5,1.5,8.38888888888889
2020-12-01,1,17,4,8.97222222222222
2020-12-01,2,18.5,4,9.47916666666667
2020-12-01,3,18,4.5,9.38194444444444
2020-12-01,4,17.5,4.5,9.625
2020-12-01,5,17.5,4,9.50694444444444
2020-12-01,6,17.5,4.5,9.16666666666667
2020-12-02,1,17.5,2,8.59027777777778
2020-12-02,2,19.5,2,8.88541666666667
2020-12-02,3,17.5,2.5,8.93055555555556
2020-12-02,4,18,2.5,9.11805555555556
2020-12-02,5,18,2,8.90972222222222
2020-12-02,6,18,2.5,8.70833333333333
2020-12-03,1,17,3,8.9375
2020-12-03,2,18.5,3,9.34375
2020-12-03,3,18,3.5,9.36111111111111
2020-12-03,4,18,3.5,9.52777777777778
2020-12-03,5,17,3.5,9.3125
2020-12-03,6,17.5,3.5,9.10416666666667
2020-12-04,1,20,3,9.38888888888889
2020-12-04,2,21.5,3.5,9.86458333333333
2020-12-04,3,19.5,3.5,9.71527777777778
2020-12-04,4,19,4,9.90277777777778
2020-12-04,5,18.5,3.5,9.54166666666667
2020-12-04,6,19.5,3.5,9.47222222222222
2020-12-05,1,17,1.5,8.38888888888889
2020-12-05,2,19,2,8.80208333333333
2020-12-05,3,18.5,2,8.72916666666667
2020-12-05,4,18,2,9.02083333333333
2020-12-05,5,17.5,2,8.52777777777778
2020-12-05,6,17.5,2,8.46527777777778
2020-12-06,1,18,3.5,10.0069444444444
2020-12-06,2,17.5,3.5,10.0104166666667
2020-12-06,3,17.5,4,10.2083333333333
2020-12-06,4,18,4,10.3819444444444
2020-12-06,5,16.5,4,9.88194444444444
2020-12-06,6,17,4,9.86111111111111
2020-12-07,1,21,8,13.5972222222222
2020-12-07,2,21.5,8.5,13.625
2020-12-07,3,20,8.5,14.0277777777778
2020-12-07,4,20.5,9,13.8888888888889
2020-12-07,5,19.5,8.5,13.2430555555556
2020-12-07,6,20.5,9,13.7986111111111
2020-12-08,1,20.5,5,10.8541666666667
2020-12-08,2,22,5.5,11.5833333333333
2020-12-08,3,20,5.5,11.4027777777778
2020-12-08,4,20,5.5,11.7152777777778
2020-12-08,5,20,5.5,10.9097222222222
2020-12-08,6,20,5.5,11.2569444444444
2020-12-09,1,19,2.5,9.88888888888889
2020-12-09,2,20,3,10.1354166666667
2020-12-09,3,18,3.5,10.2708333333333
2020-12-09,4,18,3,10.3194444444444
2020-12-09,5,18,3,9.83333333333333
2020-12-09,6,18.5,3,9.94444444444445
2020-12-10,1,20.5,6.5,11.4791666666667
2020-12-10,2,21.5,7,12.03125
2020-12-10,3,19,7.5,12.0277777777778
2020-12-10,4,19.5,6.5,12.1111111111111
2020-12-10,5,18.5,6.5,11.5277777777778
2020-12-10,6,19,6.5,11.7638888888889
2020-12-11,1,12,4,7.75
2020-12-11,2,13.5,4.5,7.85416666666667
2020-12-11,3,12,4.5,8.06944444444444
2020-12-11,4,14,4,8.11111111111111
2020-12-11,5,12,4,7.97916666666667
2020-12-11,6,12.5,4,7.84722222222222
2020-12-11,7,12.5,7.5,9.48717948717949
2020-12-12,2,14,7,9.3125
2020-12-12,3,13.5,7,9.38194444444444
2020-12-12,4,14,7.5,9.77777777777778
2020-12-12,5,13,7,9.52083333333333
2020-12-12,6,13.5,7,9.375
2020-12-12,7,12.5,7,9.25
2020-12-13,2,11.5,7,8.96875
2020-12-13,3,12,7,9.22222222222222
2020-12-13,4,12,7,9.40277777777778
2020-12-13,5,11.5,7,9.26388888888889
2020-12-13,6,11.5,7,9.125
2020-12-13,7,11.5,7,9.01388888888889
2020-12-14,2,15.5,3.5,8.0625
2020-12-14,3,14,4,8
2020-12-14,4,16,4,8.45138888888889
2020-12-14,5,13.5,4,8.04166666666667
2020-12-14,6,14,4,7.95833333333333
2020-12-14,7,13,4,7.6875
2020-12-15,2,14,3.5,7.71875
2020-12-15,3,14.5,3.5,7.74305555555556
2020-12-15,4,15.5,4,8.08333333333333
2020-12-15,5,14,3.5,7.65972222222222
2020-12-15,6,13.5,3.5,7.63888888888889
2020-12-15,7,13.5,3,7.40277777777778
2020-12-16,2,15,3,8.3125
2020-12-16,3,15.5,3.5,8.57638888888889
2020-12-16,4,15.5,3.5,8.80555555555556
2020-12-16,5,15.5,3.5,8.63194444444444
2020-12-16,6,15,3.5,8.30555555555556
2020-12-16,7,14.5,3,8.20833333333333
2020-12-17,2,17.5,7,10.4166666666667
2020-12-17,3,16.5,7.5,10.5
2020-12-17,4,17,7.5,10.8680555555556
2020-12-17,5,16.5,7,10.5555555555556
2020-12-17,6,16.5,7.5,10.4583333333333
2020-12-17,7,15.5,7,10.2291666666667
2020-12-18,2,17,4.5,8.75
2020-12-18,3,15,5,8.75
2020-12-18,4,15.5,5,9.18055555555556
2020-12-18,5,16,5,8.625
2020-12-18,6,16,5,8.68055555555556
2020-12-18,7,14.5,4.5,8.4375
2020-12-19,2,17,2.5,7.52083333333333
2020-12-19,3,15.5,2.5,7.54166666666667
2020-12-19,4,16,3,7.79861111111111
2020-12-19,5,16,2.5,7.47916666666667
2020-12-19,6,16.5,2.5,7.36111111111111
2020-12-19,7,15,2.5,7.09027777777778
2020-12-20,2,17,1,7.20833333333333
2020-12-20,3,14.5,1,7.09027777777778
2020-12-20,4,15.5,1.5,7.55555555555555
2020-12-20,5,15.5,1,7.04861111111111
2020-12-20,6,15.5,1.5,6.94444444444445
2020-12-20,7,14,1,6.68055555555555
2020-12-21,2,13.5,2,5.61458333333333
2020-12-21,3,12,2.5,5.73611111111111
2020-12-21,4,13,2.5,6.05555555555556
2020-12-21,5,12,2,5.77083333333333
2020-12-21,6,11.5,2.5,5.64583333333333
2020-12-21,7,11,2.5,5.50694444444444
2020-12-22,2,15,4,7.89583333333333
2020-12-22,3,13.5,4.5,8.15972222222222
2020-12-22,4,14.5,4.5,8.30555555555556
2020-12-22,5,14,4.5,7.83333333333333
2020-12-22,6,14,4.5,7.89583333333333
2020-12-22,7,13.5,4,7.59722222222222
2020-12-23,2,17,1.5,6.95833333333333
2020-12-23,3,14,2,6.88194444444444
2020-12-23,4,15,1.5,7.29166666666667
2020-12-23,5,14.5,1.5,6.68055555555556
2020-12-23,6,15,1.5,6.69444444444444
2020-12-23,7,13.5,1.5,6.44444444444444
2020-12-24,2,13.5,2.5,6.4375
2020-12-24,3,13,2.5,6.50694444444444
2020-12-24,4,13,2.5,6.84027777777778
2020-12-24,5,13.5,2.5,6.61111111111111
2020-12-24,6,12.5,2.5,6.32638888888889
2020-12-24,7,12,2,6.13888888888889
2020-12-25,2,10.5,4.5,7.71875
2020-12-25,3,11,5,8.02083333333333
2020-12-25,4,11.5,5,8.26388888888889
2020-12-25,5,11,5,8.05555555555556
2020-12-25,6,10.5,5,7.875
2020-12-25,7,10.5,5,7.75
2020-12-26,2,18,6.5,11.4583333333333
2020-12-26,3,18,7,11.5625
2020-12-26,4,18.5,7,11.8819444444444
2020-12-26,5,18.5,6.5,11.4930555555556
2020-12-26,6,17.5,7,11.4097222222222
2020-12-26,7,17,6.5,11.2222222222222
2020-12-27,2,17,5.5,8.48958333333333
2020-12-27,3,14.5,5.5,8.53472222222222
2020-12-27,4,15.5,6,8.80555555555556
2020-12-27,5,15.5,5.5,8.51388888888889
2020-12-27,6,15.5,5.5,8.39583333333333
2020-12-27,7,14.5,5,8.17361111111111
2020-12-28,2,16,6,9.44791666666667
2020-12-28,3,16,6,9.61805555555556
2020-12-28,4,17.5,6,9.95138888888889
2020-12-28,5,16,5.5,9.46527777777778
2020-12-28,6,15,6,9.36805555555556
2020-12-28,7,14.5,6,9.27777777777778
2020-12-29,2,18.5,3.5,8.55882352941176
2020-12-29,3,16,3.5,8.16666666666667
2020-12-29,4,17,3.5,8.58333333333333
2020-12-29,5,16,3,7.6875
2020-12-29,6,16.5,3.5,7.96527777777778
2020-12-29,7,15.5,3.5,7.65277777777778
2020-12-30,3,15.5,1.5,7.9375
2020-12-30,4,16.5,1.5,8.13194444444445
2020-12-30,5,15.5,1.5,7.77083333333333
2020-12-30,6,16,1.5,7.59027777777778
2020-12-30,7,15,1,7.36111111111111
2020-12-31,3,15,6.5,10.2291666666667
2020-12-31,4,16,6.5,10.4375
2020-12-31,5,15.5,6.5,9.94444444444444
2020-12-31,6,15.5,6.5,9.91666666666667
2020-12-31,7,14.5,6.5,9.73611111111111
2021-01-01,3,13,4,7.96527777777778
2021-01-01,4,13.5,4.5,8.20138888888889
2021-01-01,5,13,4,7.91666666666667
2021-01-01,6,12.5,4,7.84027777777778
2021-01-01,7,12.5,4,7.70138888888889
2021-01-02,3,11.5,7.5,8.97222222222222
2021-01-02,4,12,7.5,9.20833333333333
2021-01-02,5,11.5,7.5,9.09722222222222
2021-01-02,6,11,7.5,8.83333333333333
2021-01-02,7,11.5,7,8.77777777777778
2021-01-03,3,16,8,10.7638888888889
2021-01-03,4,16.5,8.5,11.1388888888889
2021-01-03,5,16,8,10.8055555555556
2021-01-03,6,15.5,8,10.6041666666667
2021-01-03,7,15,8,10.5625
2021-01-04,3,16.5,7.5,10.8958333333333
2021-01-04,4,16.5,8,11.0763888888889
2021-01-04,5,16.5,7.5,10.8819444444444
2021-01-04,6,15.5,8,10.7222222222222
2021-01-04,7,16,7.5,10.625
2021-01-05,3,15.5,4.5,8.53472222222222
2021-01-05,4,16,5,8.84027777777778
2021-01-05,5,16,4.5,8.5625
2021-01-05,6,16.5,4.5,8.49305555555556
2021-01-05,7,15,4.5,8.23611111111111
2021-01-06,3,13.5,3,7.5625
2021-01-06,4,14,3,7.72222222222222
2021-01-06,5,14,3,7.52083333333333
2021-01-06,6,13.5,3,7.34027777777778
2021-01-06,7,13.5,3,7.24305555555556
2021-01-07,3,14.5,6,8.72916666666667
2021-01-07,4,15.5,5.5,8.97222222222222
2021-01-07,5,15.5,5.5,8.74305555555556
2021-01-07,6,15,5.5,8.58333333333333
2021-01-07,7,14,5.5,8.43055555555556
2021-01-08,3,16.5,5.5,8.36111111111111
2021-01-08,4,16.5,6,8.66666666666667
2021-01-08,5,16,6,8.36805555555556
2021-01-08,6,16,5.5,8.29166666666667
2021-01-08,7,14.5,5.5,8.09722222222222
2021-01-09,3,17,3.5,9.01587301587302
2021-01-09,4,17.5,4,9.00694444444444
2021-01-09,5,17,3.5,8.47222222222222
2021-01-09,6,17.5,3.5,8.52777777777778
2021-01-09,7,16,3.5,8.1875
2021-01-10,4,15,4,8.43055555555556
2021-01-10,5,14,4,8.06944444444444
2021-01-10,6,14,4,8
2021-01-10,7,13.5,4,7.83333333333333
2021-01-11,4,17.5,3.5,9.56944444444444
2021-01-11,5,17.5,3,9.04861111111111
2021-01-11,6,17,3,8.99305555555556
2021-01-11,7,16,3,8.78472222222222
2021-01-12,4,15.5,6,10.1319444444444
2021-01-12,5,15,6,9.9375
2021-01-12,6,14.5,5.5,9.69444444444444
2021-01-12,7,14.5,5.5,9.63194444444444
2021-01-13,4,20,8.5,12.8680555555556
2021-01-13,5,19.5,8.5,12.5833333333333
2021-01-13,6,20,8,12.375
2021-01-13,7,18.5,8,12.1666666666667
2021-01-14,4,20,8.5,13.0902777777778
2021-01-14,5,19.5,8.5,12.5763888888889
2021-01-14,6,20,8.5,12.5833333333333
2021-01-14,7,18,8.5,12.2569444444444
2021-01-15,4,19,7,11.7361111111111
2021-01-15,5,19.5,6.5,11.3819444444444
2021-01-15,6,18.5,6.5,11.2708333333333
2021-01-15,7,17.5,6.5,11.0902777777778
2021-01-16,4,22,7,13.9027777777778
2021-01-16,5,21,7,13.2083333333333
2021-01-16,6,21.5,7,13.3958333333333
2021-01-16,7,20.5,7,13
2021-01-17,4,22.5,6,13.5277777777778
2021-01-17,5,22,6,13.0208333333333
2021-01-17,6,22.5,6,13.0208333333333
2021-01-17,7,20.5,6,12.5486111111111
2021-01-18,4,20.5,10.5,15.0694444444444
2021-01-18,5,19.5,9.5,13.7430555555556
2021-01-18,6,21,11,14.9861111111111
2021-01-18,7,19.5,10.5,14.1944444444444
2021-01-19,4,18,7,11.9097222222222
2021-01-19,5,17,6.5,11.0555555555556
2021-01-19,6,17.5,7,11.8541666666667
2021-01-19,7,16.5,7,11.0833333333333
2021-01-20,4,20.5,5.5,11.4722222222222
2021-01-20,5,20.5,5,10.7361111111111
2021-01-20,6,20.5,5.5,11.0625
2021-01-20,7,18.5,5.5,10.5763888888889
2021-01-21,4,20.5,1,9.39583333333333
2021-01-21,5,19,0.5,8.84722222222222
2021-01-21,6,18.5,1,8.79166666666667
2021-01-21,7,18,0.5,8.45833333333333
2021-01-22,4,17,6.5,9.9375
2021-01-22,5,16,6,9.54861111111111
2021-01-22,6,15,6,9.45833333333333
2021-01-22,7,15,6.5,9.3125
2021-01-23,4,16.5,5,9.22222222222222
2021-01-23,5,16,4.5,8.73611111111111
2021-01-23,6,15.5,4.5,8.79861111111111
2021-01-23,7,15,4.5,8.58333333333333
2021-01-24,4,13,2,7.24561403508772
2021-01-24,5,12.5,1.5,6.93055555555556
2021-01-24,6,11.5,1.5,6.89583333333333
2021-01-24,7,12,2,6.75
2021-01-25,5,13.5,2.5,6.77083333333333
2021-01-25,6,13,3,6.89583333333333
2021-01-25,7,13,2.5,6.68055555555556
2021-01-26,1,9.5,5.5,6.7962962962963
2021-01-26,2,9.5,5.5,7.11111111111111
2021-01-26,3,9.5,5,6.80357142857143
2021-01-26,4,10,5,6.8448275862069
2021-01-26,5,10.5,-1,4.72222222222222
2021-01-26,6,10.5,-1,4.69444444444445
2021-01-26,7,10.5,-1,4.47916666666667
2021-01-27,1,11.5,4.5,7.36111111111111
2021-01-27,2,12,4.5,7.4375
2021-01-27,3,10.5,4,7.05555555555556
2021-01-27,4,12,4.5,7.38194444444444
2021-01-27,5,11,4.5,7.41666666666667
2021-01-27,6,11.5,4.5,7.24305555555556
2021-01-27,7,11,4,7.125
2021-01-28,1,14,8,9.74305555555556
2021-01-28,2,13.5,8,9.83333333333333
2021-01-28,3,13,7.5,9.32638888888889
2021-01-28,4,14,7.5,9.63888888888889
2021-01-28,5,13,8,9.73611111111111
2021-01-28,6,13,8,9.58333333333333
2021-01-28,7,13,8,9.49305555555556
2021-01-29,1,17.5,6.5,9.45833333333333
2021-01-29,2,17.5,6.5,9.79166666666667
2021-01-29,3,15,6,9.06944444444444
2021-01-29,4,17.5,6,9.5
2021-01-29,5,15.5,6,9.43055555555556
2021-01-29,6,15.5,6.5,9.29861111111111
2021-01-29,7,16,6.5,9.20833333333333
2021-01-30,1,19,5.5,10.5208333333333
2021-01-30,2,21,6,11.03125
2021-01-30,3,19,5.5,10.375
2021-01-30,4,20,5.5,10.7361111111111
2021-01-30,5,19,6,10.5138888888889
2021-01-30,6,18,6,10.4375
2021-01-30,7,18,5.5,10.2916666666667
2021-01-31,1,21,7,12.6388888888889
2021-01-31,2,24,7,13.1666666666667
2021-01-31,3,20.5,7,12.4097222222222
2021-01-31,4,22,7,12.8541666666667
2021-01-31,5,21.5,7,12.6666666666667
2021-01-31,6,20.5,7,12.4791666666667
2021-01-31,7,20.5,7,12.2916666666667
2021-02-01,1,21.5,6,13.2083333333333
2021-02-01,2,24,6,13.8333333333333
2021-02-01,3,21.5,6,13.0555555555556
2021-02-01,4,22.5,6,13.3888888888889
2021-02-01,5,21,6.5,12.9861111111111
2021-02-01,6,20,6.5,13.0555555555556
2021-02-01,7,20.5,6.5,12.7638888888889
2021-02-02,1,21,7,13.3680555555556
2021-02-02,2,21.5,7.5,13.84375
2021-02-02,3,19.5,7,13.0833333333333
2021-02-02,4,21,6.5,13.4027777777778
2021-02-02,5,20,7,13.2083333333333
2021-02-02,6,20,7.5,13.1944444444444
2021-02-02,7,20,7.5,13.0625
2021-02-03,1,20,3,9.51388888888889
2021-02-03,2,20.5,3,9.94791666666667
2021-02-03,3,18.5,3,9.3125
2021-02-03,4,19.5,2.5,9.625
2021-02-03,5,18.5,3,9.47916666666667
2021-02-03,6,17.5,3,9.40277777777778
2021-02-03,7,18,3,9.26388888888889
2021-02-04,1,19,4,10.2638888888889
2021-02-04,2,18.5,5,10.625
2021-02-04,3,17.5,4,9.90277777777778
2021-02-04,4,19,4.5,10.25
2021-02-04,5,17,4.5,9.39655172413793
2021-02-04,6,16.5,4.5,10.1111111111111
2021-02-04,7,17,4.5,9.80555555555556
2021-02-05,1,21.5,3,10.8888888888889
2021-02-05,2,23.5,3,11.4895833333333
2021-02-05,3,21,3,10.6666666666667
2021-02-05,4,22,3,11.0555555555556
2021-02-05,5,21,3,10.9270833333333
2021-02-05,6,20,3,10.7708333333333
2021-02-05,7,20.5,3,10.4027777777778
2021-02-06,1,21.5,4,11.2361111111111
2021-02-06,2,23.5,4,11.78125
2021-02-06,3,21.5,4,11.0555555555556
2021-02-06,4,22.5,4,11.4375
2021-02-06,5,22,4,11.4583333333333
2021-02-06,6,20,4,11.125
2021-02-06,7,20.5,4,10.8680555555556
2021-02-07,1,23,4,11.7152777777778
2021-02-07,2,24,4,12.2083333333333
2021-02-07,3,22.5,4,11.5138888888889
2021-02-07,4,23,3.5,11.8819444444444
2021-02-07,5,23,4,11.9166666666667
2021-02-07,6,21,4,11.5694444444444
2021-02-07,7,21.5,4,11.2638888888889
2021-02-08,1,20,4.5,11.6944444444444
2021-02-08,2,22,4.5,12.1666666666667
2021-02-08,3,18.5,4.5,11.5138888888889
2021-02-08,4,20.5,4.5,11.9444444444444
2021-02-08,5,20,4.5,11.9166666666667
2021-02-08,6,19,4.5,11.5486111111111
2021-02-08,7,19,5,11.3819444444444
2021-02-09,1,23.5,10,14.5625
2021-02-09,2,24.5,10,15
2021-02-09,3,21.5,9.5,14.2222222222222
2021-02-09,4,23,10,14.7083333333333
2021-02-09,5,21,10,14.5520833333333
2021-02-09,6,21,10,14.3333333333333
2021-02-09,7,21.5,9.5,14.0555555555556
2021-02-10,1,25,7.5,14.125
2021-02-10,2,25.5,7.5,14.4895833333333
2021-02-10,3,24.5,7.5,13.7708333333333
2021-02-10,4,25,7,14.1944444444444
2021-02-10,5,24,7.5,14.0208333333333
2021-02-10,6,23,7.5,13.9166666666667
2021-02-10,7,23.5,7.5,13.5694444444444
2021-02-11,1,15,8,10.6736111111111
2021-02-11,2,15,8,10.84375
2021-02-11,3,14.5,8,10.4513888888889
2021-02-11,4,15.5,7.5,10.7222222222222
2021-02-11,5,15,8,10.75
2021-02-11,6,14.5,8,10.5555555555556
2021-02-11,7,14.5,7.5,10.4513888888889
2021-02-12,1,22.5,5.5,12.7083333333333
2021-02-12,2,23.5,5.5,13.1666666666667
2021-02-12,3,21,5.5,12.3680555555556
2021-02-12,4,23.5,5,12.9722222222222
2021-02-12,5,21.5,5.5,12.7916666666667
2021-02-12,6,20.5,6,12.5902777777778
2021-02-12,7,21,5.5,12.2152777777778
2021-02-13,1,23,8,13.6805555555556
2021-02-13,2,24.5,8,14.1770833333333
2021-02-13,3,22.5,7.5,13.2916666666667
2021-02-13,4,24,7.5,13.6111111111111
2021-02-13,5,21.5,8,13.4479166666667
2021-02-13,6,21.5,8,13.4652777777778
2021-02-13,7,21.5,8,13.0069444444444
2021-02-14,1,15,5.5,9.8125
2021-02-14,2,16,6,10.3125
2021-02-14,3,15,5,9.65277777777778
2021-02-14,4,16,5.5,9.91666666666667
2021-02-14,5,15.5,6,9.875
2021-02-14,6,14.5,5.5,9.625
2021-02-14,7,15,5,9.54166666666667
2021-02-15,1,21,8,13.0555555555556
2021-02-15,2,21.5,8,13.3958333333333
2021-02-15,3,20.5,7.5,12.7708333333333
2021-02-15,4,22,7.5,13.0902777777778
2021-02-15,5,20,8,12.9166666666667
2021-02-15,6,21,8.5,12.8819444444444
2021-02-15,7,20.5,8,12.6875
2021-02-16,1,21.5,5,11.3194444444444
2021-02-16,2,23,5,11.78125
2021-02-16,3,20.5,5,11.0416666666667
2021-02-16,4,21.5,5,11.3888888888889
2021-02-16,5,20,5.5,11.2083333333333
2021-02-16,6,19.5,5.5,11.125
2021-02-16,7,19,5,10.8194444444444
2021-02-17,1,20.5,4.5,10.3888888888889
2021-02-17,2,21,5,10.9479166666667
2021-02-17,3,19.5,4.5,10.25
2021-02-17,4,20,4.5,10.4930555555556
2021-02-17,5,19,5,10.34375
2021-02-17,6,18.5,5,10.2638888888889
2021-02-17,7,18.5,4.5,9.8125
2021-02-18,1,21,3.5,10.8055555555556
2021-02-18,2,22,4,11.46875
2021-02-18,3,19.5,3.5,10.6180555555556
2021-02-18,4,20,3,11.0347222222222
2021-02-18,5,20,3.5,10.96875
2021-02-18,6,18.5,3.5,10.5555555555556
2021-02-18,7,18.5,3,10.2916666666667
2021-02-19,1,19.5,8,11.6805555555556
2021-02-19,2,20,8.5,12.125
2021-02-19,3,18.5,8,11.3958333333333
2021-02-19,4,19.5,8,11.6944444444444
2021-02-19,5,19.5,8.5,11.8229166666667
2021-02-19,6,24,8.5,13.6666666666667
2021-02-19,7,18.5,8,11.3541666666667
2021-02-20,1,19.5,5.5,10.9722222222222
2021-02-20,2,23,6,11.6458333333333
2021-02-20,3,19,5.5,10.7430555555556
2021-02-20,4,23.5,5.5,11.25
2021-02-20,5,19,5.5,10.875
2021-02-20,6,21,5.5,11.2291666666667
2021-02-20,7,18,5,10.3819444444444
2021-02-21,1,22.5,6,12.4722222222222
2021-02-21,2,25,6.5,13.09375
2021-02-21,3,22.5,6,12.2013888888889
2021-02-21,4,22.5,6,12.7152777777778
2021-02-21,5,21.5,6.5,12.4583333333333
2021-02-21,6,22,6.5,12.5416666666667
2021-02-21,7,20.5,6,11.8819444444444
2021-02-22,1,27,6,14.3819444444444
2021-02-22,2,29,6,14.9791666666667
2021-02-22,3,26,6,14.0763888888889
2021-02-22,4,28.5,5.5,14.6041666666667
2021-02-22,5,26.5,6,14.3229166666667
2021-02-22,6,26,6,14.5486111111111
2021-02-22,7,25.5,6,13.7916666666667
2021-02-23,1,26,8,15.375
2021-02-23,2,28,8.5,15.96875
2021-02-23,3,25.5,8,15.2569444444444
2021-02-23,4,26.5,8,15.4513888888889
2021-02-23,5,26.5,8.5,15.40625
2021-02-23,6,25,8.5,15.3611111111111
2021-02-23,7,24,8,14.4513888888889
2021-02-24,1,21.5,6.5,12.7708333333333
2021-02-24,2,23.5,8,13.3541666666667
2021-02-24,3,22,7,12.8472222222222
2021-02-24,4,23.5,7,12.8402777777778
2021-02-24,5,22,7,12.8020833333333
2021-02-24,6,21.5,7.5,12.9513888888889
2021-02-24,7,19.5,7,11.8888888888889
2021-02-25,1,25,5,12.625
2021-02-25,2,26.5,6,13.1041666666667
2021-02-25,3,24.5,5,12.5
2021-02-25,4,26,5,12.7291666666667
2021-02-25,5,25.5,5.5,12.78125
2021-02-25,6,24.5,5.5,12.8125
2021-02-25,7,22.5,5.5,11.7916666666667
2021-02-26,1,27,2,12.2916666666667
2021-02-26,2,28.5,2,12.8333333333333
2021-02-26,3,26,2,12.1527777777778
2021-02-26,4,28.5,2,12.7152777777778
2021-02-26,5,27.5,2,12.6458333333333
2021-02-26,6,25,2,12.2847222222222
2021-02-26,7,24,2,11.5555555555556
2021-02-27,1,21.5,4.5,11.5694444444444
2021-02-27,2,23,5.5,12.0520833333333
2021-02-27,3,21,5,11.4027777777778
2021-02-27,4,23,5,11.7569444444444
2021-02-27,5,22,5,11.7083333333333
2021-02-27,6,21,5.5,11.5902777777778
2021-02-27,7,20,5,10.8611111111111
2021-02-28,1,26.5,5.5,12.9791666666667
2021-02-28,2,28,6.5,13.5520833333333
2021-02-28,3,25.5,5.5,12.7430555555556
2021-02-28,4,26.5,5.5,13.2083333333333
2021-02-28,5,26,6,13.0208333333333
2021-02-28,6,24.5,6,12.9930555555556
2021-02-28,7,23.5,5.5,12.1944444444444
2021-03-01,1,28,2.5,12.9930555555556
2021-03-01,2,30.5,3,13.6770833333333
2021-03-01,3,28,3,12.7986111111111
2021-03-01,4,30,2.5,13.4097222222222
2021-03-01,5,29,2.5,13.1458333333333
2021-03-01,6,26,3,12.9722222222222
2021-03-01,7,25.5,3,12.2638888888889
2021-03-02,1,28,5,13.5208333333333
2021-03-02,2,29,6.5,14.1458333333333
2021-03-02,3,27,5,13.2569444444444
2021-03-02,4,27.5,5.5,13.7430555555556
2021-03-02,5,27.5,5.5,13.5416666666667
2021-03-02,6,25.5,5.5,13.4513888888889
2021-03-02,7,24,5,12.7152777777778
2021-03-03,1,26.5,3.5,12.1458333333333
2021-03-03,2,28.5,4,12.7708333333333
2021-03-03,3,27.5,3.5,12.0902777777778
2021-03-03,4,28.5,4,12.4513888888889
2021-03-03,5,28,4,12.21875
2021-03-03,6,25,4,12.1319444444444
2021-03-03,7,24.5,3.5,11.5208333333333
2021-03-04,1,26.5,5,13.3541666666667
2021-03-04,2,28.5,5,13.8125
2021-03-04,3,26.5,5,13.0972222222222
2021-03-04,4,28,5,13.7777777777778
2021-03-04,5,27,5,13.5729166666667
2021-03-04,6,25,5,13.4097222222222
2021-03-04,7,24.5,5,12.9652777777778
2021-03-05,1,27.5,5,14.3055555555556
2021-03-05,2,30.5,5,14.9479166666667
2021-03-05,3,29,4.5,14.2222222222222
2021-03-05,4,30,4.5,14.8680555555556
2021-03-05,5,29.5,5,14.53125
2021-03-05,6,26.5,5,14.3194444444444
2021-03-05,7,26,5,13.9722222222222
2021-03-06,1,24.5,5.5,13.1527777777778
2021-03-06,2,27.5,6,13.7708333333333
2021-03-06,3,24,5.5,12.7708333333333
2021-03-06,4,28,5.5,13.5902777777778
2021-03-06,5,26,6,13.4583333333333
2021-03-06,6,24.5,6,13.3333333333333
2021-03-06,7,24,6,12.9583333333333
2021-03-07,1,25,3.5,12.3958333333333
2021-03-07,2,27.5,3.5,13.0208333333333
2021-03-07,3,25,3,12.1319444444444
2021-03-07,4,26.5,3,12.8333333333333
2021-03-07,5,25.5,3.5,12.8020833333333
2021-03-07,6,24,3.5,12.4513888888889
2021-03-07,7,24,3.5,12.0694444444444
2021-03-08,1,23.5,5.5,11.6111111111111
2021-03-08,2,24,6,12.1145833333333
2021-03-08,3,23,5.5,11.3402777777778
2021-03-08,4,27,5.5,12.0763888888889
2021-03-08,5,22,5.5,11.6458333333333
2021-03-08,6,23.5,6,11.7291666666667
2021-03-08,7,22.5,6,11.4097222222222
2021-03-09,1,21,5.5,10.1458333333333
2021-03-09,2,22.5,6,10.5416666666667
2021-03-09,3,19,5.5,9.89583333333333
2021-03-09,4,21.5,5.5,10.3125
2021-03-09,5,17.5,5.5,10.1979166666667
2021-03-09,6,21.5,6,10.25
2021-03-09,7,21,6,10.1875
2021-03-10,1,14,4.5,8.71527777777778
2021-03-10,2,14.5,5,9.10416666666667
2021-03-10,3,14,4.5,8.51388888888889
2021-03-10,4,17.5,4,8.88194444444444
2021-03-10,5,15.5,4.5,8.91666666666667
2021-03-10,6,13.5,5.5,8.96527777777778
2021-03-10,7,13.5,5.5,8.9375
2021-03-11,1,22.5,3,10.7361111111111
2021-03-11,2,24.5,3,11.1666666666667
2021-03-11,3,23,3,10.4166666666667
2021-03-11,4,23.5,2.5,11.1458333333333
2021-03-11,5,23.5,3,11.0416666666667
2021-03-11,6,21.5,3.5,10.8472222222222
2021-03-11,7,22,3,10.4305555555556
2021-03-12,1,26.5,4,12.9375
2021-03-12,2,29,4.5,13.59375
2021-03-12,3,26.5,4,12.6805555555556
2021-03-12,4,28.5,3.5,13.3680555555556
2021-03-12,5,27,4,13.2916666666667
2021-03-12,6,25.5,4.5,12.9375
2021-03-12,7,25,4.5,12.4027777777778
2021-03-13,1,29.5,2,13.0486111111111
2021-03-13,2,32,2.5,13.6770833333333
2021-03-13,3,29,2,12.7847222222222
2021-03-13,4,31,2,13.6875
2021-03-13,5,30.5,2.5,13.4270833333333
2021-03-13,6,27.5,2.5,12.9722222222222
2021-03-13,7,28,2.5,12.6319444444444
2021-03-14,1,19.5,4.5,11.0579710144928
2021-03-14,2,21.5,4.5,11.6086956521739
2021-03-14,3,19.5,4,10.9057971014493
2021-03-14,4,21.5,4,11.3550724637681
2021-03-14,5,20.5,4.5,11.2065217391304
2021-03-14,6,19,4.5,11.2463768115942
2021-03-14,7,19,4.5,11.0724637681159
2021-03-15,1,17,3,9.36805555555556
2021-03-15,2,18.5,3.5,9.97916666666667
2021-03-15,3,16,3,8.84027777777778
2021-03-15,4,21.5,3,9.57638888888889
2021-03-15,5,19.5,3,9.625
2021-03-15,6,16.5,3.5,9.46527777777778
2021-03-15,7,16.5,3.5,9.20138888888889
2021-03-16,1,26.5,3,11.4097222222222
2021-03-16,2,29,3.5,12.0416666666667
2021-03-16,3,26.5,3,11.1388888888889
2021-03-16,4,28,3,12.0902777777778
2021-03-16,5,27,3,11.875
2021-03-16,6,25.5,3,11.4861111111111
2021-03-16,7,25.5,3,11.0555555555556
2021-03-17,1,20.5,4,10.6527777777778
2021-03-17,2,22,4,11.3645833333333
2021-03-17,3,18.5,3.5,10.3611111111111
2021-03-17,4,20,3.5,10.8819444444444
2021-03-17,5,19.5,4,10.8333333333333
2021-03-17,6,19,4,10.6736111111111
2021-03-17,7,19.5,4,10.6736111111111
2021-03-18,1,16,8,11.875
2021-03-18,2,16.5,9,12.2604166666667
2021-03-18,3,15.5,8,11.6458333333333
2021-03-18,4,16.5,8.5,12.0555555555556
2021-03-18,5,16.5,8.5,12.1458333333333
2021-03-18,6,15.5,8.5,11.9444444444444
2021-03-18,7,16,8.5,11.9930555555556
2021-03-19,1,22.5,9,13.9027777777778
2021-03-19,2,23.5,9,14.3020833333333
2021-03-19,3,24,8.5,13.7083333333333
2021-03-19,4,24.5,8,14.1319444444444
2021-03-19,5,23.5,8.5,14.3229166666667
2021-03-19,6,22,9,13.9027777777778
2021-03-19,7,22,9,13.8125
2021-03-20,1,24,4,12.1180555555556
2021-03-20,2,27,4,13.125
2021-03-20,3,25,4,12.0625
2021-03-20,4,27.5,4,12.7916666666667
2021-03-20,5,24,4,12.6145833333333
2021-03-20,6,23.5,4.5,12.3263888888889
2021-03-20,7,22.5,4.5,11.8333333333333
2021-03-21,1,27.5,5,13.2847222222222
2021-03-21,2,28.5,5.5,14.0208333333333
2021-03-21,3,25.5,5,13.1041666666667
2021-03-21,4,28.5,5,13.7222222222222
2021-03-21,5,27,5.5,13.65625
2021-03-21,6,25.5,5,13.2361111111111
2021-03-21,7,25.5,5,12.7777777777778
2021-03-22,1,25,5.5,13.5625
2021-03-22,2,27,6,14.40625
2021-03-22,3,23.5,5.5,13.3263888888889
2021-03-22,4,25.5,5.5,13.9930555555556
2021-03-22,5,25,6,13.9166666666667
2021-03-22,6,22.5,6,13.5763888888889
2021-03-22,7,24,6,13.3819444444444
2021-03-23,1,24,6.5,13.6041666666667
2021-03-23,2,24.5,7,14.0729166666667
2021-03-23,3,23.5,7,13.4722222222222
2021-03-23,4,25.5,7,13.9027777777778
2021-03-23,5,25.5,7,14.0520833333333
2021-03-23,6,24,7,13.4791666666667
2021-03-23,7,22.5,7.5,12.9652777777778
2021-03-24,1,30.5,6.5,15.3194444444444
2021-03-24,2,32,7.5,16.15625
2021-03-24,3,30,6.5,15.1736111111111
2021-03-24,4,32,6.5,15.8055555555556
2021-03-24,5,30.5,7,15.6145833333333
2021-03-24,6,29.5,7,15.25
2021-03-24,7,28.5,7,14.7152777777778
2021-03-25,1,27.5,6,14.4097222222222
2021-03-25,2,29,5.5,15.0208333333333
2021-03-25,3,26.5,5.5,14.0416666666667
2021-03-25,4,28.5,5.5,14.8333333333333
2021-03-25,5,28,6,14.6770833333333
2021-03-25,6,26.5,6,14.4375
2021-03-25,7,26,6,13.9027777777778
2021-03-26,1,30,6.5,15.9027777777778
2021-03-26,2,31,7.5,16.5520833333333
2021-03-26,3,29,6.5,15.5486111111111
2021-03-26,4,31,6.5,16.1875
2021-03-26,5,32.5,7,16.2708333333333
2021-03-26,6,29,7,15.8819444444444
2021-03-26,7,28,7.5,15.1944444444444
2021-03-27,1,34.5,4.5,16.6319444444444
2021-03-27,2,37,5.5,18.1979166666667
2021-03-27,3,32.5,5,16.5555555555556
2021-03-27,4,36.5,5,17.5277777777778
2021-03-27,5,36.5,5.5,17.8854166666667
2021-03-27,6,32.5,5,16.6875
2021-03-27,7,31,5,15.9722222222222
2021-03-28,1,36,7,19.2291666666667
2021-03-28,2,39.5,7.5,20.5104166666667
2021-03-28,3,36,7,18.9652777777778
2021-03-28,4,39,7,19.9791666666667
2021-03-28,5,39,7.5,20.0208333333333
2021-03-28,6,36,7.5,19.4236111111111
2021-03-28,7,35,7.5,18.4583333333333
2021-03-29,1,30.5,6.5,15.9513888888889
2021-03-29,2,31,7,17.0104166666667
2021-03-29,3,29.5,6.5,15.8541666666667
2021-03-29,4,31.5,6,16.5138888888889
2021-03-29,5,33,6.5,16.7604166666667
2021-03-29,6,28.5,6.5,15.8263888888889
2021-03-29,7,28.5,6.5,15.4930555555556
2021-03-30,1,31,8,18.0347222222222
2021-03-30,2,32,8.5,18.71875
2021-03-30,3,29.5,8,17.9375
2021-03-30,4,33,7.5,18.4930555555556
2021-03-30,5,34.5,8,18.71875
2021-03-30,6,31,9,18.1458333333333
2021-03-30,7,30,9,17.7430555555556
2021-03-31,1,37,8.5,19.4583333333333
2021-03-31,2,38.5,10,20.7604166666667
2021-03-31,3,33.5,8.5,19.0763888888889
2021-03-31,4,39.5,9,20.2708333333333
2021-03-31,5,38,9,19.5833333333333
2021-03-31,6,35,9,19.7569444444444
2021-03-31,7,34.5,9.5,19.2152777777778
2021-04-01,1,36.5,7.5,19.2847222222222
2021-04-01,2,43,8,21.4166666666667
2021-04-01,3,37.5,7.5,19.3611111111111
2021-04-01,4,40.5,7,20.3055555555556
2021-04-01,5,37.5,8,19.7916666666667
2021-04-01,6,35,7.5,19.5416666666667
2021-04-01,7,33.5,7.5,18.6527777777778
2021-04-02,1,35.5,7,18.6666666666667
2021-04-02,2,41,8,20.9270833333333
2021-04-02,3,35.5,7,19.1041666666667
2021-04-02,4,41.5,7,19.7291666666667
2021-04-02,5,37.5,7.5,19.2291666666667
2021-04-02,6,33.5,7,18.8819444444444
2021-04-02,7,32,7.5,18.0833333333333
2021-04-03,1,31.5,7,15.9444444444444
2021-04-03,2,37,7,17.375
2021-04-03,3,30.5,6.5,15.7083333333333
2021-04-03,4,35.5,6.5,16.7013888888889
2021-04-03,5,33.5,7,16.1979166666667
2021-04-03,6,29.5,7,16.1041666666667
2021-04-03,7,29.5,7,15.4791666666667
2021-04-04,1,28,6,14.7430555555556
2021-04-04,2,32.5,6,15.8020833333333
2021-04-04,3,26.5,5.5,14.2708333333333
2021-04-04,4,31,5.5,15.4236111111111
2021-04-04,5,30,6,14.7604166666667
2021-04-04,6,27,6,15
2021-04-04,7,26.5,6,14.5069444444444
2021-04-05,1,30.5,7.5,15.8263888888889
2021-04-05,2,31.5,7.5,16.59375
2021-04-05,3,28,7.5,15.3611111111111
2021-04-05,4,31.5,7,16.3125
2021-04-05,5,31.5,7.5,15.90625
2021-04-05,6,28.5,7.5,16.0486111111111
2021-04-05,7,28.5,7.5,15.5902777777778
2021-04-06,1,33.5,7,17.0416666666667
2021-04-06,2,34.5,7,17.6770833333333
2021-04-06,3,30.5,6.5,16.3541666666667
2021-04-06,4,34,6.5,17.5763888888889
2021-04-06,5,34,7,16.8854166666667
2021-04-06,6,31.5,7,17.3680555555556
2021-04-06,7,31,7,16.75
2021-04-07,1,32,7,16.0277777777778
2021-04-07,2,35.5,7,16.84375
2021-04-07,3,30,7,15.3125
2021-04-07,4,34.5,7,16.6527777777778
2021-04-07,5,34,7,15.7708333333333
2021-04-07,6,32,7.5,16.5069444444444
2021-04-07,7,31,7.5,15.8055555555556
2021-04-08,1,32.5,4.5,16.2152777777778
2021-04-08,2,32.5,4.5,16.7604166666667
2021-04-08,3,30,4.5,15.4583333333333
2021-04-08,4,32,4,16.8541666666667
2021-04-08,5,32.5,4.5,15.9895833333333
2021-04-08,6,30.5,5,16.4236111111111
2021-04-08,7,30,4.5,15.7708333333333
2021-04-09,1,33,7.5,17.3541666666667
2021-04-09,2,36.5,7.5,18.1458333333333
2021-04-09,3,31,7.5,16.6736111111111
2021-04-09,4,35.5,7,18.1319444444444
2021-04-09,5,35,7.5,17.1875
2021-04-09,6,32.5,7.5,17.7847222222222
2021-04-09,7,31,7.5,17.0347222222222
2021-04-10,1,35,6.5,17.5902777777778
2021-04-10,2,33.5,6.5,17.8854166666667
2021-04-10,3,31.5,6,16.6597222222222
2021-04-10,4,33,6,18.2222222222222
2021-04-10,5,32.5,6.5,17.0729166666667
2021-04-10,6,32.5,6.5,17.6319444444444
2021-04-10,7,31.5,6.5,17.0277777777778
2021-04-11,1,36,7.5,18.8402777777778
2021-04-11,2,35,8,19.1979166666667
2021-04-11,3,32.5,7.5,17.9791666666667
2021-04-11,4,36,7.5,19.5833333333333
2021-04-11,5,35.5,8,18.7291666666667
2021-04-11,6,33.5,8,18.9166666666667
2021-04-11,7,32.5,8,18.25
2021-04-12,1,35.5,8,19.2222222222222
2021-04-12,2,36.5,8.5,19.7604166666667
2021-04-12,3,32.5,8,18.6597222222222
2021-04-12,4,37.5,8,20.0972222222222
2021-04-12,5,36,8,19.34375
2021-04-12,6,33.5,8.5,19.4027777777778
2021-04-12,7,33,8.5,18.7916666666667
2021-04-13,1,33,8.5,17.1736111111111
2021-04-13,2,33,8.5,17.7083333333333
2021-04-13,3,31,8.5,16.5625
2021-04-13,4,35,8,18.0694444444444
2021-04-13,5,34,8.5,17.1354166666667
2021-04-13,6,32,8.5,17.6180555555556
2021-04-13,7,31.5,9,16.9861111111111
2021-04-14,1,30,6.5,16.3125
2021-04-14,2,34,7,17.25
2021-04-14,3,29.5,6.5,15.6388888888889
2021-04-14,4,34,6,17.2916666666667
2021-04-14,5,33,6.5,16.4166666666667
2021-04-14,6,30.5,6.5,16.7013888888889
2021-04-14,7,30.5,7,16.2291666666667
2021-04-15,1,31.5,7.5,17.1805555555556
2021-04-15,2,37,8,18.4479166666667
2021-04-15,3,30.5,7.5,16.5416666666667
2021-04-15,4,35.5,7,18.1458333333333
2021-04-15,5,31.5,7.5,17.03125
2021-04-15,6,31.5,7.5,17.5625
2021-04-15,7,33,7.5,17.0972222222222
2021-04-16,1,34.5,6.5,15.5851063829787
2021-04-16,2,37,7.5,16.625
2021-04-16,3,34,6.5,15.1489361702128
2021-04-16,4,35.5,6.5,17.0326086956522
2021-04-16,5,34.5,7,14.8333333333333
2021-04-16,6,33.5,7,15.8645833333333
2021-04-16,7,36,7,18.2430555555556
2021-04-17,7,40,9,20.9583333333333
2021-04-18,7,45,11.5,23.9861111111111
2021-04-19,7,44,10.5,22.9097222222222
2021-04-20,7,43,10,20.8680555555556
2021-04-21,7,42.5,10,21.6319444444444
2021-04-22,7,42,9,19.8541666666667
2021-04-23,7,41,9,19.4305555555556
2021-04-24,7,41,10.5,18.7777777777778
2021-04-25,7,23.5,11,15.7083333333333
2021-04-26,7,39,6.5,16.9652777777778
2021-04-27,7,42,8.5,21.0625
2021-04-28,7,48,10.5,24.5972222222222
2021-04-29,7,49,12,25.7638888888889
2021-04-30,7,48.5,11.5,24.4027777777778
2021-05-01,7,47,11,23.4166666666667
2021-05-02,7,43,11,23.9444444444444
2021-05-03,7,45.5,18.5,27.5833333333333
2021-05-04,7,49.5,20,29.0625
2021-05-05,7,52,15,28.2569444444444
2021-05-06,7,49,11,24.4027777777778
2021-05-07,7,44,11,23.7222222222222
2021-05-08,7,42,17,26.0208333333333
2021-05-09,7,46,20,28.3194444444444
2021-05-10,7,46.5,20,28.4791666666667
2021-05-11,7,51.5,14,28.875
2021-05-12,7,52,13.5,28.3402777777778
2021-05-13,7,49.5,12,25.7152777777778
2021-05-14,7,45.5,11.5,23.7222222222222
2021-05-15,7,41,11,22.1597222222222
2021-05-16,7,42.5,12.5,22.8680555555556
2021-05-17,7,42.5,11,22.7708333333333
2021-05-18,7,46.5,11,24.6527777777778
2021-05-19,7,43,11,23
2021-05-20,7,37.5,9,19.9583333333333
2021-05-21,7,38,12.5,21.7777777777778
2021-05-22,7,40.5,9.5,22.6458333333333
2021-05-23,7,43.5,12,24.125
2021-05-24,7,47.5,12.5,26.5763888888889
2021-05-25,7,36.5,17.5,22.8214285714286
